{"assets/font/Inter-Black.ttf":["assets/font/Inter-Black.ttf"],"assets/font/Inter-Bold.ttf":["assets/font/Inter-Bold.ttf"],"assets/font/Inter-Regular.ttf":["assets/font/Inter-Regular.ttf"],"assets/font/Inter-SemiBold.ttf":["assets/font/Inter-SemiBold.ttf"],"assets/icons/chat.svg":["assets/icons/chat.svg"],"assets/icons/facebook.svg":["assets/icons/facebook.svg"],"assets/icons/google-plus.svg":["assets/icons/google-plus.svg"],"assets/icons/ic_home.png":["assets/icons/ic_home.png"],"assets/icons/ic_hourglass.png":["assets/icons/ic_hourglass.png"],"assets/icons/ic_house.png":["assets/icons/ic_house.png"],"assets/icons/ic_ring.png":["assets/icons/ic_ring.png"],"assets/icons/icon_calendar.png":["assets/icons/icon_calendar.png"],"assets/icons/icon_tick.png":["assets/icons/icon_tick.png"],"assets/icons/icon_user.png":["assets/icons/icon_user.png"],"assets/icons/login.svg":["assets/icons/login.svg"],"assets/icons/signup.svg":["assets/icons/signup.svg"],"assets/icons/twitter.svg":["assets/icons/twitter.svg"],"assets/image_logo1.png":["assets/image_logo1.png"],"assets/images/ic_phone.png":["assets/images/ic_phone.png"],"assets/images/icon_calendar.png":["assets/images/icon_calendar.png"],"assets/images/image_logo.png":["assets/images/image_logo.png"],"assets/images/placeholder.png":["assets/images/placeholder.png"],"assets/images/profile_user_placeholder.png":["assets/images/profile_user_placeholder.png"],"assets/images/tick.png":["assets/images/tick.png"],"assets/images/user.png":["assets/images/user.png"],"assets/video/home_clip_2.mp4":["assets/video/home_clip_2.mp4"],"assets/video/splash_1.mp4":["assets/video/splash_1.mp4"],"packages/cupertino_icons/assets/CupertinoIcons.ttf":["packages/cupertino_icons/assets/CupertinoIcons.ttf"],"packages/fluttertoast/assets/toastify.css":["packages/fluttertoast/assets/toastify.css"],"packages/fluttertoast/assets/toastify.js":["packages/fluttertoast/assets/toastify.js"]}